"Status","Start Time","Stop Time","Duration in ms","Parent Suite","Suite","Sub Suite","Test Class","Test Method","Name","Description"
"failed","Sat Aug 15 19:47:03 CST 2020","Sat Aug 15 19:47:03 CST 2020","0","","TestCal","TestCalculator","","","test_integer_div[整数除法_结果4]",""
"passed","Sat Aug 15 19:47:03 CST 2020","Sat Aug 15 19:47:03 CST 2020","0","","TestCal","TestCalculator","","","test_float_div[float_div_result3]",""
"passed","Sat Aug 15 19:47:03 CST 2020","Sat Aug 15 19:47:03 CST 2020","0","","TestCal","TestCalculator","","","test_integer_add[整数加法_结果3]",""
"failed","Sat Aug 15 19:47:03 CST 2020","Sat Aug 15 19:47:03 CST 2020","1","","TestCal","TestCalculator","","","test_integer_add[整数加法_结果4]",""
"passed","Sat Aug 15 19:47:03 CST 2020","Sat Aug 15 19:47:03 CST 2020","1","","TestCal","TestCalculator","","","test_float_div[float_div_result2]",""
"failed","Sat Aug 15 19:47:03 CST 2020","Sat Aug 15 19:47:03 CST 2020","1","","TestCal","TestCalculator","","","test_integer_add[整数加法_结果2]",""
"failed","Sat Aug 15 19:47:03 CST 2020","Sat Aug 15 19:47:03 CST 2020","0","","TestCal","TestCalculator","","","test_float_add[float_add_result1]",""
"failed","Sat Aug 15 19:47:03 CST 2020","Sat Aug 15 19:47:03 CST 2020","1","","TestCal","TestCalculator","","","test_float_add[float_add_result2]",""
"failed","Sat Aug 15 19:47:03 CST 2020","Sat Aug 15 19:47:03 CST 2020","1","","TestCal","TestCalculator","","","test_float_div[float_div_result1]",""
"passed","Sat Aug 15 19:47:03 CST 2020","Sat Aug 15 19:47:03 CST 2020","0","","TestCal","TestCalculator","","","test_integer_div[整数除法_结果2]",""
"failed","Sat Aug 15 19:47:03 CST 2020","Sat Aug 15 19:47:03 CST 2020","1","","TestCal","TestCalculator","","","test_float_add[float_add_result3]",""
"passed","Sat Aug 15 19:47:03 CST 2020","Sat Aug 15 19:47:03 CST 2020","0","","TestCal","TestCalculator","","","test_integer_div[整数除法_结果3]",""
"passed","Sat Aug 15 19:47:03 CST 2020","Sat Aug 15 19:47:03 CST 2020","0","","TestCal","TestCalculator","","","test_integer_add[整数加法_结果1]",""
"passed","Sat Aug 15 19:47:03 CST 2020","Sat Aug 15 19:47:03 CST 2020","0","","TestCal","TestCalculator","","","test_integer_div[整数除法_结果1]",""
